Name,Country,BattingAverage,BattingStrikeRate,BowlingAverage,BowlingStrikeRate,RecentMatchRuns1,RecentMatchRuns2,RecentMatchRuns3,RecentMatchRuns4,RecentMatchRuns5,RecentMatchRuns6,RecentMatchWickets1,RecentMatchWickets2,RecentMatchWickets3,RecentMatchWickets4,RecentMatchWickets5,RecentMatchWickets6
Virat Kohli,India,58.69,136,0,132.4,95,0,88,101,51,117,0,0,0,0,1,0
Rohit Sharma,India,49.13,91.81,58,66.4,46,87,4,40,61,47,0,0,0,0,1,0
Shubman Gill,India,62.97,103.61,0,0,29,9,92,23,51,80,0,0,0,0,0,0
Shreyas Iyer,India,50.58,100.95,0,0,33,4,82,77,128,105,0,0,0,0,0,0
KL Rahul,India,50.5,89.08,0,0,27,39,21,8,102,39,0,0,0,0,0,0
Surya Kumar,India,26.03,106.63,0,0,2,49,12,22,2,1,0,0,0,0,0,0
Ravindra Jadeja,India,32.7,85.36,35.87,44,39,8,35,29,33,33,0,1,1,5,2,0
Ravichandran Ashwin,India,16.44,86.96,33.2,40.4,16,56,16,16,16,16,0,0,1,3,0,1
Jasprit Bumrah,India,8.18,57.69,23.57,30.7,8,8,18,1,8,8,1,3,1,0,2,1
Kuldeep Yadav,India,10.52,56.82,25.52,30.3,0,9,10,10,10,10,2,2,0,2,2,1
Mohammed Shami,India,7.92,83.92,23.56,25.4,1,1,2,8,8,8,5,4,5,2,0,7
Mohammed Siraj,India,6.13,40.21,22.46,26.6,6,6,6,6,6,6,1,0,3,1,2,1
Prasidh Krishna,India,1,11.6,25.58,27.3,0,1,0,0,0,0,1,1,0,1,1,2
Ishan Kishan,India,42.4,102.19,0,0,5,23,18,31,0,45,0,0,0,0,0,0
Shardul Thakur,India,17.31,105.11,30.98,29.8,17,17,17,17,17,17,0,0,0,1,0,1
Alex Carey,Australia,32.98,88.4,0,0,2,14,11,28,11,0,0,0,0,0,0,0
Travis Head,Australia,41.01,101.98,55.27,57.8,17,109,11,0,10,62,0,0,0,0,2,2
Josh Inglis,Australia,18.87,94.08,0,0,14,38,3,0,19,28,0,0,0,0,0,0
Marnus Labuschagne,Australia,36.55,84.92,115,101.5,62,18,71,14,37,18,0,0,0,0,0,0
Steven Smith,Australia,43.86,87.32,34.67,38.4,7,71,18,44,63,30,0,0,0,0,0,0
David Warner,Australia,45.55,97.2,0,0,104,81,15,18,53,29,0,0,0,0,0,0
Sean Abbott,Australia,17.53,107.54,36.27,38.5,23,2,54,18,18,18,2,1,1,1,1,2
Cameron Green,Australia,34,83.39,41,43,9,34,50,8,8,47,1,0,0,0,0,0
Mitchell Marsh,Australia,36.39,96.16,35.78,38.8,121,9,36,24,117,0,0,2,0,0,0,0
Glenn Maxwell,Australia,35.39,126.89,48.53,53.3,31,0,106,41,201,1,1,0,0,1,1,0
Marcus Stoinis,Australia,27.03,94.95,42.89,42.7,5,20,21,35,6,27,0,0,2,1,0,1
Pat Cummins,Australia,13.66,75.11,28.83,32.5,12,37,10,12,14,14,1,2,2,0,0,3
Josh Hazlewood,Australia,17.28,90.97,26.56,33.9,17,0,1,17,17,17,1,2,2,2,0,2
Mitchell Starc,Australia,12.41,79.41,23.02,26.5,2,0,1,10,3,16,1,1,0,2,1,3
Adam Zampa,Australia,9.5,65.66,28.03,30.4,1,0,29,9,9,9,4,3,3,1,2,0
Kane Stuart Williamson,New Zealand,48.64,81.38,35.4,39.6,54,37,78,85,14,69,0,0,0,0,0,0
Thomas William Maxwell Latham,New Zealand,34.36,85.19,0,0,5,21,4,2,2,0,0,0,0,0,0,0
Devon Philip Conway,New Zealand,44.5,89.76,0,0,0,28,2,35,45,13,0,0,0,0,0,0
Glenn Dominic Phillips,New Zealand,35,97.48,39.25,38.5,23,12,60,41,70,41,0,3,0,0,0,0
William Alexander Young,New Zealand,40.96,85.76,0,0,0,70,54,17,32,33,0,0,0,0,0,0
Mark Sinclair Chapman,New Zealand,30.93,108.92,0,0,30,25,6,39,7,2,0,0,0,0,0,0
Daryl Joseph Mitchell,New Zealand,52.56,98.07,21.15,22.3,130,54,24,29,43,134,0,0,0,0,0,0
James Douglas Sheahan Neesham,New Zealand,28.2,99.93,36,34.4,57,33,14,36,58,0,0,1,0,0,1,1
Rachin Ravindra,New Zealand,45.11,107.72,47.05,46.6,75,116,9,108,42,13,0,0,0,0,2,0
Mitchell Josef Santner,New Zealand,27.65,91.24,37,45.5,1,17,7,26,27,9,1,2,0,0,2,0
Trent Alexander Boult,New Zealand,9,77.41,24.38,29.2,0,10,9,9,9,2,1,3,1,0,3,1
Lachlan Hammond Ferguson,New Zealand,7.17,51.69,31.55,33.3,7,7,1,0,7,6,3,3,2,0,2,0
Kyle Alex Jamieson,New Zealand,20.75,81.37,36.5,43.1,20,14,15,20,20,44,0,0,1,0,2,1
Inderbir Singh Sodhi,New Zealand,10.05,72.82,36.32,39.4,10,35,10,10,10,10,0,6,0,0,1,0
Timothy Grant Southee,New Zealand,12.13,95.97,33.7,36.5,12,12,7,12,12,9,0,0,2,1,1,3
Matthew James Henry,New Zealand,11.08,92.05,26.39,30.3,10,11,11,0,9,0,3,2,1,1,1,0
Temba Bavuma,South Africa,45.81,89.04,0,0,16,28,24,11,23,0,0,0,0,0,0,0
Quinton de Kock,South Africa,45.74,96.64,0,0,174,24,114,5,41,3,0,0,0,0,0,0
Reeza Raphael Hendricks,South Africa,29.58,80.41,47,42,42,39,28,0,85,12,0,0,0,0,0,0
Heinrich Klaasen,South Africa,41.36,115.76,0,0,90,12,15,1,10,47,0,0,0,0,0,0
Aiden Kyle Markram,South Africa,36.98,98.9,46.23,48.6,60,91,6,9,25,10,0,0,0,0,0,1
David Andrew Miller,South Africa,42.75,103.68,0,0,34,29,53,11,24,101,0,0,0,0,0,0
Hendrik Erasmus van der Dussen,South Africa,55.28,,88.05,3,6,1,21,133,13,76,6,0,0,0,0,0
Marco Jansen,South Africa,30.14,113.13,32.51,30.7,75,1,20,30,14,0,2,2,3,3,1,0
Andile Lucky Phehlukwayo,South Africa,25.62,88.74,31.93,33.2,28,1,38,25,25,39,0,1,1,1,0,1
Gerald Coetzee,South Africa,8.14,63.33,23.22,26.6,21.4,3,8,10,8,8,3,3,2,2,4,2
Keshav Athmanand Maharaj,South Africa,13.75,86.61,30.36,39.9,13,7,13,7,13,4,1,0,4,1,2,1
Lungisani True-man Ngidi,South Africa,11.37,49.18,28.5,29.7,7,11,4,11,0,11,2,2,1,0,1,2
Kagiso Rabada,South Africa,15,80,27.77,32.9,15,15,15,6,15,10,1,2,1,1,0,1
Tabraiz Shamsi,South Africa,6.75,45.76,31.41,34.2,6,6,6,4,4,1,2,0,2,4,1,2
Lizaad Buyron Williams,South Africa,0,0,39.33,33.3,2,1,1,0,0,0,1,3,1,0,0,2
Hashmatullah Shahidi,Afghanistan,34.18,67.78,0,0,8,48,58,56,26,2,0,0,0,0,0,0
Ibrahim Zadran,Afghanistan,51.48,81.81,0,0,14,87,39,20,129,15,0,0,0,0,0,0
Ikram Alikhil,Afghanistan,27.25,65.92,0,0,19,27,27,27,27,12,0,0,0,0,0,0
Najibullah Zadran,Afghanistan,29.01,89.1,0,0,1,17,23,15,5,2,0,0,0,0,0,0
Rahmanullah Gurbaz,Afghanistan,36.41,87.98,0,0,11,65,0,10,21,25,0,0,0,0,0,0
Riaz Hassan,Afghanistan,30,62.5,0,0,30,30,30,30,30,30,0,0,0,0,0,0
Azmatullah Omarzai,Afghanistan,44.54,91.07,48,50.6,27,45,73,31,22,97,2,1,1,0,2,0
Mohammad Nabi,Afghanistan,26.29,67.78,32.27,45.1,7,26,26,26,12,2,0,1,0,3,0,2
Rahmat Shah,Afghanistan,36.62,71.12,35.46,36.2,36,77,62,52,30,26,0,0,0,0,0,0
Rashid Khan,Afghanistan,19.64,105.28,20.48,28.9,8,20,20,20,35,12,1,0,1,0,2,2
Abdul Rahman,Afghanistan,5,27.02,133,104,6,4,2,4,5,5,1,1,0,0,1,1
Fazalhaq Farooqi,Afghanistan,3.2,31.37,29.15,31.2,0,3,2,0,3,3,1,0,1,0,4,0
Mujeeb Ur Rahman,Afghanistan,9.07,90.07,28.34,39.2,4,9,9,9,9,8,1,0,2,1,0,1
Naveen-ul-Haq,Afghanistan,7.4,68.51,32.18,31.4,5,0,7,7,7,2,1,2,2,0,2,0
Noor Ahmad,Afghanistan,15.5,77.5,48.28,50.5,15,15,15,15,15,26,0,0,3,2,0,0
Najmul Hossain Shanto,Bangladesh,30.54,78.63,45,50,8,0,9,4,90,45,0,0,0,0,0,0
Litton Das,Bangladesh,32.48,86.72,0,0,66,22,3,45,23,36,0,0,0,0,0,0
Mushfiqur Rahim,Bangladesh,36.57,79.61,0,0,38,8,1,5,10,21,0,0,0,0,0,0
Tanzid Hasan,Bangladesh,13.76,97.81,0,0,51,12,15,0,9,36,0,0,0,0,0,0
Towhid Hridoy,Bangladesh,35.89,84.19,0,0,39,13,16,7,15,74,0,0,0,0,0,0
Mahedi Hasan,Bangladesh,15.25,64.89,31.14,37.7,13,15,3,14,17,2,0,3,0,4,2,0
Mahmudullah,Bangladesh,36.13,76.85,46.23,53,46,111,20,56,22,32,0,0,0,0,0,0
Mehidy Hasan Miraz,Bangladesh,23.09,78.23,34.3,42.7,3,11,35,25,3,29,2,1,0,3,1,0
Shakib Al Hasan,Bangladesh,37.29,82.84,29.52,39.6,1,40,1,5,43,82,1,1,1,1,0,2
Hasan Mahmud,Bangladesh,5.62,48.91,31.35,31.3,0,1,6,6,6,15,1,0,0,1,1,2
Mustafizur Rahman,Bangladesh,7.61,51.77,25.99,30.2,4,1,11,20,3,8,1,0,0,2,0,1
Nasum Ahmed,Bangladesh,22.28,89.14,45.83,60.5,7,22,0,14,19,7,1,1,1,0,0,0
Shoriful Islam,Bangladesh,7.7,79.38,28.02,29.7,2,7,6,0,1,8,0,0,1,2,0,2
Tanzim Hasan Sakib,Bangladesh,7,135.71,27.4,28.2,0,14,7,7,7,5,2,2,0,1,0,3
Taskin Ahmed,Bangladesh,7.37,54.67,30.91,34.1,15,17,11,6,7,0,1,0,2,0,0,1
Jos Buttler,England,39.68,117.3,0,0,15,8,10,1,5,27,0,0,0,0,0,0
Jonny Bairstow,England,42.97,102.92,0,0,10,30,14,0,15,59,0,0,0,0,0,0
Harry Brook,England,24.33,95.73,0,0,25,20,66,17,11,30,0,0,0,0,0,0
Dawid Malan,England,55.76,97.44,0,0,6,28,16,50,87,31,0,0,0,0,0,0
Joe Root,England,47.6,86.77,58.77,60.6,2,3,0,13,28,60,0,0,0,0,0,0
Moeen Ali,England,24.27,98.16,47.84,53.9,11,15,15,42,4,8,0,0,0,0,3,2
Brydon Carse,England,24.8,88.57,33.92,35.4,25,25,0,15,32,25,3,1,0,1,1,0
Sam Curran,England,22,94.78,39,38.4,20,22,22,14,11,10,1,0,1,1,1,0
Liam Livingstone,England,29.17,106.2,30.76,34,20,0,10,1,27,2,0,1,1,0,0,1
Ben Stokes,England,41.22,95.68,42.39,42,5,43,0,64,108,84,0,0,0,0,0,0
David Willey,England,24.55,95.67,29.75,32.3,12,14,15,16,6,15,0,2,3,1,2,3
Chris Woakes,England,23.81,89.12,30.01,33.1,9,0,10,32,51,4,0,0,2,4,1,1
Gus Atkinson,England,13,150,48,49.2,2,13,13,35,2,0,0,0,0,2,0,2
Adil Rashid,England,18.35,98.45,32.04,34.1,10,2,13,20,1,0,2,0,2,2,3,2
Mark Wood,England,14.27,100.64,39.46,42.8,6,18,43,5,0,0,1,2,0,0,1,2
Scott Edwards,Netherlands,39.75,91.65,0,0,16,12,68,0,38,17,0,0,0,0,0,0
Wesley Barresi,Netherlands,29.67,78.18,0,0,0,0,41,1,37,4,0,0,0,0,0,0
Noah Croes,Netherlands,7,116.66,0,0,7,7,7,7,7,7,0,0,0,0,0,0
Max O'Dowd,Netherlands,32.4,73.42,0,0,16,6,0,42,5,30,0,0,0,0,0,0
Vikramjit Singh,Netherlands,29.22,75.68,31.57,30.8,52,12,2,4,25,3,0,0,0,0,0,0
Colin Ackermann,Netherlands,28.46,78.63,50.11,60.8,29,10,15,29,0,35,1,0,1,0,0,0
Bas de Leede,Netherlands,24.43,67.06,31.42,29.4,6,4,17,3,10,12,0,2,2,0,3,2
Sybrand Engelbrecht,Netherlands,37.5,66.66,0,0,70,11,35,58,33,45,0,0,0,0,0,0
Teja Nidamanuru,Netherlands,28.91,95.82,0,0,21,20,9,14,41,54,0,0,0,0,0,0
Saqib Zulfiqar,Netherlands,14.92,64.45,37.33,34.6,33,33,6,15,10,3,0,0,2,0,0,1
Roelof van der Merwe,Netherlands,12.61,91.11,39.84,46.4,29,7,0,11,0,16,2,0,0,1,0,1
Aryan Dutt,Netherlands,8.5,65.89,46.36,52.7,9,1,9,10,1,5,3,1,1,0,2,0
Shariz Ahmad,Netherlands,8.75,60.34,32.07,30.7,9,9,9,2,9,6,2,0,0,9,1,0
Logan van Beek,Netherlands,21.68,80.03,35.04,37.2,59,0,23,2,2,16,0,4,1,1,2,0
Paul van Meekeren,Netherlands,8.81,69.78,36.55,38,4,0,0,4,4,3,1,0,4,0,1,1
Balapuwaduge Kusal Gimhan Mendis,Sri Lanka,32.19,86.32,0,0,11,11,39,1,0,,0,0,0,0,0,0
Frank Dimuth Madushanka Karunaratne,Sri Lanka,31.33,79.56,0,0,1,18,2,18,8,15,0,0,0,0,0,0
Pathum Nissanka Silva,Sri Lanka,38.4,84.7,0,0,54,77,46,0,41,2,0,0,0,0,0,0
Mathurage Don Kusal Janith Perera,Sri Lanka,30.53,92.88,0,0,0,78,5,4,4,51,0,0,0,0,0,0
Sadeera Samarawickrama,Sri Lanka,38,94.45,0,0,91,65,36,0,41,1,0,0,0,0,0,0
Charith Asalanka,Sri Lanka,40,88.48,22.2,29,44,40,22,1,108,8,0,0,0,0,0,0
Dhananjaya de Silva,Sri Lanka,25.9,78.59,43.34,51.1,7,30,26,14,34,19,0,0,0,0,0,0
Dushan Hemantha,Sri Lanka,19.5,100,96.5,105,13,11,5,4,0,1,0,1,0,0,0,4
Chamika Karunaratne,Sri Lanka,25.05,78.43,31.87,33.2,5,17,2,2,25,6,1,1,0,0,0,0
Angelo Mathews,Sri Lanka,40.24,82.9,32.61,42.2,0,0,23,12,0,16,0,2,0,0,2,2
Dushmantha Chameera,Sri Lanka,10.45,58.82,35.65,39,0,0,1,0,4,1,1,0,0,1,0,1
Dilshan Madushanka,Sri Lanka,16.5,44.59,24.06,23.6,16,17,0,5,0,19,4,0,2,5,3,0
Kasun Rajitha,Sri Lanka,9.75,63.58,36.11,35.5,33,9,10,5,14,0,1,4,2,1,0,0
Maheesh Theekshana,Sri Lanka,18.33,55.41,28.28,36,18,18,29,12,21,38,1,1,0,0,2,1
Dunith Wellalage,Sri Lanka,17.25,76.95,32.28,34.9,8,10,0,0,10,2,0,1,0,1,0,1
Babar Azam,Pakistan,56.72,88.75,0,0,18,74,50,9,66,38,0,0,0,0,0,0
Abdullah Shafique,Pakistan,34.66,88.32,0,0,64,58,9,68,4,0,0,0,0,0,0,0
Fakhar Zaman,Pakistan,46.56,93.44,111,135,46,22,12,81,126,1,0,0,0,0,0,0
Iftikhar Ahmed,Pakistan,38.37,106.59,46.37,49.7,40,21,17,38,3,5,0,0,1,1,1,2
Imam-ul-Haq,Pakistan,48.27,82.55,0,0,15,12,36,70,17,12,0,0,0,0,0,0
Mohammad Rizwan,Pakistan,40.15,89.8,0,0,46,8,31,26,40,36,0,0,0,0,0,0
Saud Shakeel,Pakistan,28.81,89.8,37,47,30,25,52,28,28,29,0,0,0,0,0,0
Agha Salman,Pakistan,40.58,97.98,99.75,103.5,23,33,10,40,40,51,0,1,0,0,0,0
Mohammad Nawaz,Pakistan,18.45,88.64,35.88,42.2,50,39,0,4,14,24,1,1,1,0,0,0
Shadab Khan,Pakistan,25.9,85.75,34.82,39.8,32,25,2,40,43,4,1,1,0,0,0,0
Haris Rauf,Pakistan,8.5,75.55,26.4,26.5,0,8,0,8,8,35,3,0,2,2,1,3
Hasan Ali,Pakistan,14.18,117.12,30.84,31.8,0,14,12,8,14,14,2,4,1,0,1,1
Shaheen Shah Afridi,Pakistan,16.33,82,23.94,25.9,10,3,2,16,16,25,5,1,3,3,0,2
Usama Mir,Pakistan,6.66,117.64,42.26,42.4,6,15,0,6,6,6,2,2,1,0,2,1